{"tags": ["Gaza", "Trump", "Immigration", "Environment", "Workers", "LGBT+", "Abortion", "Gun Control", "Racial Justice", "Musk", "Healthcare"], "counts": [1093, 911, 784, 467, 441, 394, 345, 317, 185, 178, 41], "percentages": [40.951667291120266, 34.13263394529786, 29.374297489696517, 17.497189958786063, 16.52304233795429, 14.762083177219932, 12.926189584113901, 11.877107530910454, 6.931434994379917, 6.669164481079055, 1.536155863619333], "participantCounts": [33829, 175034, 165209, 97628, 106274, 98782, 91221, 86982, 10982, 24182, 4285], "percentagesByParticipants": [12.892444186985982, 66.70655579014763, 62.962186635365136, 37.20664344459096, 40.50168830079956, 37.64644008628246, 34.76489553876994, 33.14938603779049, 4.1853091152998925, 9.215911949206156, 1.6330403896430559]}