{"tags": ["Trump", "Gaza", "Musk", "Immigration", "Workers", "Racial Justice", "LGBT+", "Environment", "Abortion", "Healthcare", "Gun Control"], "counts": [2220, 1780, 850, 689, 330, 263, 225, 225, 112, 104, 40], "percentages": [42.8902627511592, 34.38948995363214, 16.421947449768158, 13.311437403400308, 6.375579598145285, 5.081143740340031, 4.346986089644513, 4.346986089644513, 2.1638330757341575, 2.009273570324575, 0.7727975270479135], "participantCounts": [309425, 58328, 68049, 106659, 35035, 9356, 31922, 11758, 30767, 22520, 1790], "percentagesByParticipants": [68.80162762515704, 12.969415322356499, 15.130910425028071, 23.715966068907246, 7.790143084260731, 2.080336197983257, 7.097957686192981, 2.614428496781438, 6.841139782316253, 5.00739324268736, 0.39801216271804507]}