{"AK": 70.44444444444444, "AL": 51.18181818181818, "AR": 38.411764705882355, "AZ": 98.0, "CA": 104.03326403326403, "CO": 116.3623188405797, "CT": 43.42307692307692, "DC": 554.7714285714286, "DE": 56.8, "FL": 62.22222222222222, "GA": 127.35483870967742, "GU": 11.0, "HI": 18.08823529411765, "IA": 58.958333333333336, "ID": 74.79310344827586, "IL": 90.04651162790698, "IN": 52.03125, "KS": 42.23809523809524, "KY": 79.28571428571429, "LA": 38.666666666666664, "MA": 20.85632183908046, "MD": 43.62068965517241, "ME": 33.85897435897436, "MI": 70.04255319148936, "MN": 97.95454545454545, "MO": 67.325, "MS": 53.5, "MT": 129.9, "NC": 94.0, "ND": 21.166666666666668, "NE": 51.3125, "NH": 26.72222222222222, "NJ": 31.27536231884058, "NM": 40.111111111111114, "NV": 171.46153846153845, "NY": 88.1639344262295, "OH": 68.04545454545455, "OK": 148.85714285714286, "OR": 92.18461538461538, "PA": 69.52459016393442, "PR": 11.0, "RI": 46.10526315789474, "SC": 103.16666666666667, "SD": 28.833333333333332, "TN": 68.625, "TX": 146.57037037037037, "UT": 132.24137931034483, "VA": 59.204081632653065, "VT": 34.1578947368421, "WA": 106.25827814569537, "WI": 29.731182795698924, "WV": 84.5, "WY": 30.875}