{"AK": 57.27272727272727, "AL": 35.578947368421055, "AR": 49.142857142857146, "AZ": 419.7450980392157, "CA": 76.89397321428571, "CO": 420.40714285714284, "CT": 43.958333333333336, "DC": 136.58241758241758, "DE": 66.5, "FL": 51.329268292682926, "GA": 90.91025641025641, "GU": 11.0, "HI": 18.615384615384617, "IA": 76.38775510204081, "ID": 66.79591836734694, "IL": 77.07142857142857, "IN": 44.52307692307692, "KS": 36.628571428571426, "KY": 55.340425531914896, "LA": 24.695652173913043, "MA": 36.340298507462684, "MD": 75.69014084507042, "ME": 24.45390070921986, "MI": 159.47663551401868, "MN": 82.125, "MO": 44.55421686746988, "MS": 25.375, "MT": 147.44, "NC": 88.99122807017544, "ND": 21.9, "NE": 36.375, "NH": 44.6, "NJ": 30.021897810218977, "NM": 32.04651162790697, "NV": 198.57142857142858, "NY": 97.68539325842697, "OH": 65.4695652173913, "OK": 80.17241379310344, "OR": 67.21551724137932, "PA": 67.27692307692308, "PR": 11.0, "RI": 40.26190476190476, "SC": 87.72727272727273, "SD": 54.06666666666667, "TN": 52.37837837837838, "TX": 109.20242914979757, "UT": 107.59574468085107, "VA": 46.945454545454545, "VT": 107.23684210526316, "WA": 70.54838709677419, "WI": 30.877777777777776, "WV": 50.4375, "WY": 31.0, "demonstration": 0.0, "demonstration; rally": 0.0, "march": 0.0, "march; demonstration": 0.0, "rally": 0.0}