{"labels": ["March", "Counter-Protest", "Civil Disobedience", "Arrests", "Vigil"], "percentages": [19.393718042366693, 0.9495982468955442, 0.3287070854638422, 0.9495982468955442, 2.483564645726808], "counts": [531, 26, 9, 26, 68]}