{"labels": ["March", "Counter-Protest", "Civil Disobedience", "Arrests", "Vigil"], "percentages": [19.408017984263772, 0.9741476208317721, 0.29973772948669913, 0.8617459722742601, 2.547770700636943], "counts": [518, 26, 8, 23, 68]}